{"cameraMode":{"drawMode":0,"name":"Shaded","section":"Shading Mode"},"sceneLighting":true,"audioPlay":false,"sceneViewState":{"m_AlwaysRefresh":true,"showFog":true,"showSkybox":true,"showFlares":true,"showImageEffects":true,"showParticleSystems":true,"showVisualEffectGraphs":true,"m_FxEnabled":true},"in2DMode":false,"pivot":{"x":58.36248779296875,"y":3.9825010299682619,"z":-2.6889541149139406},"rotation":{"x":-0.002675669966265559,"y":0.9973251819610596,"z":-0.052717339247465137,"w":-0.050606656819581988},"size":2.9570541381835939,"orthographic":false}