{"cameraMode":{"drawMode":0,"name":"Shaded","section":"Shading Mode"},"sceneLighting":true,"audioPlay":false,"sceneViewState":{"m_AlwaysRefresh":true,"showFog":true,"showSkybox":true,"showFlares":true,"showImageEffects":true,"showParticleSystems":true,"showVisualEffectGraphs":true,"m_FxEnabled":true},"in2DMode":false,"pivot":{"x":59.5333251953125,"y":3.888334274291992,"z":-0.6660671234130859},"rotation":{"x":0.0007584219565615058,"y":0.999171793460846,"z":0.02217567153275013,"w":-0.034183770418167117},"size":0.9467460513114929,"orthographic":false}